/*
SQLyog Enterprise - MySQL GUI v6.15
MySQL - 5.5.5-10.0.17-MariaDB : Database - escuela
*********************************************************************
*/

/*!40101 SET NAMES utf8 */;

/*!40101 SET SQL_MODE=''*/;

create database if not exists `escuela`;

USE `escuela`;

/*!40014 SET @OLD_FOREIGN_KEY_CHECKS=@@FOREIGN_KEY_CHECKS, FOREIGN_KEY_CHECKS=0 */;
/*!40101 SET @OLD_SQL_MODE=@@SQL_MODE, SQL_MODE='NO_AUTO_VALUE_ON_ZERO' */;

/*Data for the table `anio_periodo_fiscal` */

insert  into `anio_periodo_fiscal`(`anio_fiscal`,`periodo_fiscal`) values ('2018','2017-2018');

/*Data for the table `calendario` */

/*Data for the table `calificaciones` */

insert  into `calificaciones`(`id`,`id_eval`,`cedula_est`,`calificacion`,`porcentaje`,`fecha`) values (1,1,24276845,'20','30','2018-05-08'),(2,1,23654321,'19','30','2018-05-08');

/*Data for the table `descripciones` */

insert  into `descripciones`(`id`,`id_desc`,`descripcion`,`abreviacion`,`grupo`) values (1,1,'Primer Lapso','1er Lapso','Lapso'),(2,2,'Segundo Lapso','2do Lapso','Lapso'),(3,3,'Tercer Lapso','3er Lapso','Lapso'),(4,1,'Enero','Ene','Meses'),(5,2,'Febrero','Feb','Meses'),(6,3,'Marzo','Mar','Meses'),(7,4,'Abril','Abr','Meses'),(8,5,'Mayo','May','Meses'),(9,6,'Junio','Jun','Meses'),(10,7,'Julio','Jul','Meses'),(11,8,'Agosto','Ago','Meses'),(12,9,'Septiembre','Sep','Meses'),(13,10,'Octubre','Oct','Meses'),(14,11,'Noviembre','Nov','Meses'),(15,12,'Diciembre','Dic','Meses'),(16,1,'PRIMARIA',NULL,'Niveles'),(17,2,'SECUNDARIA',NULL,'Niveles'),(18,3,'DIVERSIFICADO',NULL,'Niveles');

/*Data for the table `estudiantes` */

insert  into `estudiantes`(`cedula_est`,`matricula_est`,`nombre1_est`,`nombre2_est`,`apellido1_est`,`apellido2_est`,`sexo_est`,`nacionalidad_est`,`direccion_est`,`fec_nac_est`,`peso_est`,`estatura_est`,`camisa_est`,`pantalon_est`,`zapato_est`,`id_grado`,`id_seccion`,`fec_insc_est`,`foto_est`,`cedula_rep`,`nombre_rep`,`apellido_rep`,`sexo_rep`,`nacionalidad_rep`,`telef_rep`,`telef_emerg_rep`,`foto_rep`) values ('11223344','12345QWERTY','CESAR','ELIAN','GIL','QUINTERO','M','V',NULL,'2016-05-07',NULL,NULL,NULL,NULL,NULL,1,1,'2017-10-13','30420dfcbc9b64d5bfaf09f2c0a28d7c010d.png','26254713','ANTOLIANA','QUINTERO',NULL,'V','04163631480','04241518730',NULL),('12345678','JGSDFS','EDWIN','ELIAS','FLORES','LAO','M','V',NULL,'2013-05-09',NULL,NULL,NULL,NULL,NULL,2,1,'2017-10-13','imagen2.png','24276845','CESAR','GIL',NULL,'V','04241518730','04163631480',NULL),('20443895','34234','ifbwei','EHBWI','IBVEI','VBIWV','M','V',NULL,'1997-03-30',NULL,NULL,NULL,NULL,NULL,3,1,'2017-10-13',NULL,'24031402','KIWEVI','ISCI',NULL,'V','04273873247','04213949747',NULL),('22013804',NULL,'ADRIAN','YEFFERSON','MORENO','MONASCAL','M','V',NULL,'1990-09-10',NULL,NULL,NULL,NULL,NULL,4,1,'2011-08-31',NULL,'',NULL,NULL,NULL,'V','02432242345','04129197735',NULL),('22016310',NULL,'YANELVY','COROMOTO','MENDEZ','VALERA ','F','V',NULL,'1992-07-18',NULL,NULL,NULL,NULL,NULL,5,1,'2017-12-07',NULL,'',NULL,NULL,NULL,'V','02126998798','04149086727',NULL),('22018391',NULL,'DANIELA','YAIRYT','ECHEVERRIA','CACERES','F','V',NULL,'1992-07-18',NULL,NULL,NULL,NULL,NULL,6,1,'2014-08-28',NULL,'',NULL,NULL,NULL,'V',NULL,'04266251166',NULL),('22020361',NULL,'WHITNEY','virginia','CHAVEZ','hernandez','F','V',NULL,'1993-03-29',NULL,NULL,NULL,NULL,NULL,1,1,'2017-02-23',NULL,'',NULL,NULL,NULL,'V',NULL,NULL,NULL),('22020473',NULL,'JUAN','CARLOS','CARIAS',NULL,'M','V',NULL,'1991-07-02',NULL,NULL,'S','30','39',2,1,'2013-05-27',NULL,'',NULL,NULL,NULL,'V','02127630741','04122963587',NULL),('22020669',NULL,'ANGEL','RAFAEL','ORDOSGOITTI','GARCIA','M','V',NULL,'1990-11-17',NULL,NULL,NULL,NULL,NULL,3,1,'2011-09-01',NULL,'',NULL,NULL,NULL,'V',NULL,NULL,NULL),('22024058',NULL,'CARLOS','GABRIEL','NORIEGA','RODRIGUEZ','M','V',NULL,'1992-03-25','90','1.79','XL','40','45',4,1,'2011-03-14',NULL,'',NULL,NULL,NULL,'V','02127427274','04127299392',NULL),('22024730',NULL,'ANGELYS ','BEATRIZ','CEDEÑO','VILLANUEVA','F','V',NULL,'1993-12-31','78','1.73','M','L','39',5,1,'2013-11-18',NULL,'',NULL,NULL,NULL,'V','2392480535','04168251453',NULL),('22025036',NULL,'MICHELLE','MAGDALENA','DE MELLO','MOUTTET','F','V',NULL,'1994-05-07',NULL,NULL,NULL,NULL,NULL,6,1,'2014-09-03',NULL,'',NULL,NULL,NULL,'V','02124225883','04123780206',NULL),('22025202',NULL,'JOSE ','JAVIER','ESCARDINA','BRICEÑO','M','V',NULL,'1993-03-18',NULL,NULL,NULL,NULL,NULL,1,1,'2013-11-27',NULL,'',NULL,NULL,NULL,'V',NULL,NULL,NULL),('22026289',NULL,'DARWIN','RAFAEL ','VELASQUEZ','HIDALGO ','M','V',NULL,'1990-09-30',NULL,NULL,NULL,NULL,NULL,2,1,'2014-05-05',NULL,'',NULL,NULL,NULL,'V',NULL,NULL,NULL),('22026296',NULL,'EDINSON','DE JESUS','ANDRADE','AYALA','M','V',NULL,'1991-01-22',NULL,NULL,NULL,NULL,NULL,3,1,'2014-01-20',NULL,'',NULL,NULL,NULL,'V',NULL,NULL,NULL),('22026343',NULL,'YENFER',NULL,'ALVIAREZ',NULL,'M','V',NULL,'1993-10-27',NULL,NULL,NULL,NULL,NULL,4,1,'2014-08-08',NULL,'',NULL,NULL,NULL,'V','2124904380',NULL,NULL),('22026351',NULL,'YHONN','JORDAN','CACERES','ROSALES','M','V',NULL,'1994-02-28',NULL,NULL,NULL,NULL,NULL,5,1,'2014-03-02',NULL,'',NULL,NULL,NULL,'V',NULL,'4126370373',NULL),('22027265',NULL,'IVETTE','ALEXANDRA','TUPANO','RAMIREZ','F','V',NULL,'1993-03-04',NULL,NULL,NULL,NULL,NULL,6,1,'2015-01-06',NULL,'',NULL,NULL,NULL,'V','04127090912','04120241308',NULL),('22032145',NULL,'NILSON','JOSE','FUENTES','PEREZ','M','V',NULL,'1991-02-28',NULL,NULL,NULL,NULL,NULL,1,1,'2017-02-14',NULL,'',NULL,NULL,NULL,'V',NULL,NULL,NULL),('22032759',NULL,'JESUS','EDUARDO','MARTINEZ',NULL,'M','V',NULL,'0000-01-01',NULL,NULL,NULL,NULL,NULL,2,1,'2007-08-10',NULL,'',NULL,NULL,NULL,'V',NULL,NULL,NULL),('22033226',NULL,'GINA','MANUELA','ZAMBRANO','VILLACRES','F','V',NULL,'1961-01-17','67','1.52','M','30','36',3,1,'2008-09-01',NULL,'',NULL,NULL,NULL,'V','02399929109','04160130068',NULL),('22035194',NULL,'ANGEL','MARIA','MURILLO','LLIVI','M','V',NULL,'1977-12-25',NULL,'1.65','34','34','38',4,1,'2007-05-01',NULL,'',NULL,NULL,NULL,'V','02345142877','04268142129',NULL),('22038090',NULL,'LUIS','DAVID','MERCADO','BRICEÑO','M','V',NULL,'1994-01-31',NULL,NULL,NULL,NULL,NULL,5,1,'2015-01-08',NULL,'',NULL,NULL,NULL,'V',NULL,NULL,NULL),('22038782',NULL,'OFELIA',NULL,'TORRES','CASTILLO','F','V',NULL,'1946-09-04','50','1.50','S','30','37',6,1,'2009-03-02',NULL,'',NULL,NULL,NULL,'V','02129114195','04167004343',NULL),('22039674',NULL,'YOHNNI','RAFAEL','GUEVARA','RONDON','M','V',NULL,'1987-10-03',NULL,NULL,NULL,NULL,NULL,1,1,'2017-01-24',NULL,'',NULL,NULL,NULL,'V',NULL,'04149042995',NULL),('22046307',NULL,'JEFFERSON','MOISES','GOMEZ','LOVERA','M','V',NULL,'1990-12-10',NULL,NULL,NULL,NULL,NULL,2,1,'2014-09-12',NULL,'',NULL,NULL,NULL,'V','2128376047','4167058513',NULL),('22047242',NULL,'KAREN','MADELEINE','TORREALBA','REYES','F','V',NULL,'1993-04-30',NULL,NULL,NULL,NULL,NULL,3,1,'2013-06-07',NULL,'',NULL,NULL,NULL,'V','4129078253','4129078252',NULL),('22047372',NULL,'JOIKEL','ADOLFO','DOMINGUEZ','QUINTERO','M','V',NULL,'1995-03-23',NULL,NULL,NULL,NULL,NULL,4,1,'2015-11-17',NULL,'',NULL,NULL,NULL,'V','02128321666','04141332767',NULL),('22048686',NULL,'JAZMIN ','ANDREA','MARIN ','TAPIAS ','F','V',NULL,'1978-12-23',NULL,NULL,NULL,NULL,NULL,5,1,'2014-03-31',NULL,'',NULL,NULL,NULL,'V',NULL,NULL,NULL),('22048931',NULL,'YORDI','LISANDRO','DIAZ','REYES','M','V',NULL,'1990-10-29',NULL,NULL,NULL,NULL,NULL,6,1,'2014-09-01',NULL,'',NULL,NULL,NULL,'V','02396117354',NULL,NULL),('22224889',NULL,'CARMENZA',NULL,'HERNANDEZ','DE MUÑOZ','F','V',NULL,'1975-01-12',NULL,NULL,NULL,NULL,NULL,1,1,'2017-01-16',NULL,'',NULL,NULL,NULL,'V',NULL,NULL,NULL),('22280176',NULL,'SERGIO','GABRIEL','BLANCO','ALVAREZ','M','V',NULL,'1994-12-28',NULL,NULL,NULL,NULL,NULL,2,1,'2014-08-28',NULL,'',NULL,NULL,NULL,'V',NULL,'04269156335',NULL),('22290532',NULL,'JOSE','GREGORIO','PEREZ','ROMAN','M','V',NULL,'1990-11-14',NULL,NULL,NULL,NULL,NULL,3,1,'2014-05-07',NULL,'',NULL,NULL,NULL,'V',NULL,NULL,NULL),('22347315',NULL,'JEAN','CARLOS','BAZA','MUENTE','M','V',NULL,'1991-06-29',NULL,NULL,NULL,NULL,NULL,4,1,'2015-11-17',NULL,'',NULL,NULL,NULL,'V',NULL,NULL,NULL),('22349069',NULL,'JAIRO','JOSE','ESTANGA','CALDERON','M','V',NULL,'1994-01-16',NULL,NULL,NULL,NULL,NULL,5,1,'2014-09-01',NULL,'',NULL,NULL,NULL,'V',NULL,'04161390902',NULL),('22350833',NULL,'YOVANI',NULL,'MAZA','MARTINEZ','M','V',NULL,'1973-10-05','60','1.73','M','36','39',6,1,'2009-02-16',NULL,'',NULL,NULL,NULL,'V','02124275809','04267051775',NULL),('22352243',NULL,'LEONARDO','JOSE','MARQUEZ','OLOYOLA','M','V',NULL,'1992-10-21',NULL,NULL,NULL,NULL,NULL,1,1,'2014-09-01',NULL,'',NULL,NULL,NULL,'V',NULL,'04129070190',NULL),('22380602',NULL,'JORGE','MANUEL','OLIVEIRA','MARTINS','M','V',NULL,'1957-08-12',NULL,NULL,NULL,NULL,NULL,2,1,'2011-09-01',NULL,'',NULL,NULL,NULL,'V','04166076402','02123615556',NULL),('22381105',NULL,'DAIRON','JOSE ','PEÑA ','MARTINEZ','M','V',NULL,'1995-07-08',NULL,NULL,NULL,NULL,NULL,3,1,'2014-09-05',NULL,'',NULL,NULL,NULL,'V','02123617424','04241820682',NULL),('22384039',NULL,'JOSE ','ANTONIO','MENDOZA',NULL,'M','V',NULL,'1983-01-02',NULL,NULL,NULL,NULL,NULL,4,1,'2007-08-01',NULL,'',NULL,NULL,NULL,'V',NULL,'04165291567',NULL),('22388282',NULL,'KARELIS','ANDREINA','ACEVEDO','GONZALEZ','F','V',NULL,'1994-08-25',NULL,NULL,NULL,NULL,NULL,5,1,'2007-08-07',NULL,'',NULL,NULL,NULL,'V','2129850013','4149375386',NULL),('22390831',NULL,'CELEISA','NOEMI','MONCADA','COLMENARES','F','V',NULL,'1994-02-25',NULL,NULL,NULL,NULL,NULL,6,1,'2014-06-11',NULL,'',NULL,NULL,NULL,'V',NULL,NULL,NULL),('22392266',NULL,'AMAURY','ANTONIO','SIERRA','ROMERO','M','V',NULL,'1981-03-25',NULL,NULL,NULL,NULL,NULL,1,1,'2009-05-21',NULL,'',NULL,NULL,NULL,'V','4264832889','4263067257',NULL),('22444571',NULL,'ROBINSON','LEONEL','VILLARREAL','ZAPATA','M','V',NULL,'1992-07-19',NULL,NULL,NULL,NULL,NULL,2,1,'2014-07-23',NULL,'',NULL,NULL,NULL,'V',NULL,NULL,NULL),('22446977',NULL,'CARLOS ','ROGELIO','MERO ','SANCHEZ','M','V',NULL,'1959-09-15',NULL,NULL,NULL,NULL,NULL,3,1,'2007-05-01',NULL,'',NULL,NULL,NULL,'V',NULL,'04266177273',NULL),('22498369',NULL,'DIEGO',NULL,'ROSARIO',NULL,'M','V',NULL,'1993-05-21',NULL,NULL,NULL,NULL,NULL,4,1,'2014-08-08',NULL,'',NULL,NULL,NULL,'V',NULL,'4142164384',NULL),('23654321','QWERTY','LEAH','ANTONELLA','GIL','QUINTERO','F','V',NULL,'2018-09-09',NULL,NULL,NULL,NULL,NULL,4,1,'2017-10-13','4903cocodrilo.png','26254713','ANTOLIANA','QUINTERO',NULL,'V','04163631480','04241518730',NULL),('24276845','qwerty','CESAR','ELIAS','GIL','LAO','M','V','CARRETERA PRINCIPAL CARPINTERO, BARRIO CUATRICENTENARIO, CALLE DIEGO DE LOZADA, ZONA 1, CASA N° 181','1996-05-07','55','1,75','S','32','41',2,1,'2018-10-13','4652cocodrilo.png','26254713','ANTOLIANA','QUINTERO','F','V','04163631480','04241518730','imagen1.png');

/*Data for the table `grados_secciones` */

insert  into `grados_secciones`(`id`,`id_grado`,`desc_grado`,`abrev_grado`,`id_seccion`,`desc_seccion`,`mencion`,`nivel`,`cedula_prof`) values (1,1,'PRIMERO','1',1,'A',NULL,'1',NULL),(2,1,'PRIMERO','1',2,'B',NULL,'1',NULL),(3,1,'PRIMERO','1',3,'C',NULL,'1',NULL),(4,1,'PRIMERO','1',1,'A',NULL,'2',NULL),(5,1,'PRIMERO','1',2,'B',NULL,'2',NULL),(6,1,'PRIMERO','1',3,'C',NULL,'2',NULL),(8,2,'SEGUNDO','2',1,'A',NULL,'1',NULL),(9,2,'SEGUNDO','2',2,'B',NULL,'1',NULL),(10,2,'SEGUNDO','2',3,'C',NULL,'1',NULL),(11,2,'SEGUNDO','2',1,'A',NULL,'2',NULL),(12,2,'SEGUNDO','2',2,'B',NULL,'2',NULL),(13,3,'TERCERO','3',1,'A',NULL,'1',NULL),(14,3,'TERCERO','3',2,'B',NULL,'1',NULL),(15,3,'TERCERO','3',1,'A',NULL,'2',NULL),(16,3,'TERCERO','3',2,'B',NULL,'2',NULL),(17,3,'TERCERO','3',3,'C',NULL,'2',NULL),(18,4,'CUARTO','4',1,'A',NULL,'1',NULL),(19,4,'CUARTO','4',2,'B',NULL,'1',NULL),(20,4,'CUARTO','4',1,'A',NULL,'3',NULL),(21,4,'CUARTO','4',2,'B',NULL,'3',NULL),(22,4,'CUARTO','4',3,'C',NULL,'3',NULL),(23,5,'QUINTO','5',1,'A',NULL,'1',NULL),(24,5,'QUINTO','5',1,'A',NULL,'3',NULL),(25,6,'SEXTO','6',1,'U','MECÁNICA','3',NULL),(26,6,'SEXTO','6',1,'U',NULL,'1',NULL);

/*Data for the table `horarios` */

/*Data for the table `inasistencias` */

insert  into `inasistencias`(`cedula_est`,`justificado`,`motivo`,`fecha`,`horario`,`id_asig`) values (1,'No',NULL,'2017-10-13','7:00 - 12:00',1),(1,'No',NULL,'2017-12-03','8:30 - 12:00',2);

/*Data for the table `institucion` */

insert  into `institucion`(`codigo`,`nombre`,`rif`) values ('12345ASDF67890','ESCUELA TÉCNICA INDUSTRIAL LEONARDO INFANTE','J-1234567-8');

/*Data for the table `materias` */

insert  into `materias`(`id_mat`,`desc_mat`,`id_grado`,`id_seccion`,`nivel`,`cedula_prof`,`hora_ini`,`hora_fin`) values (1,'MATEMÁTICAS',1,1,'2','24276849',NULL,NULL),(2,'CASTELLANO',2,1,'1','24276849',NULL,NULL),(3,'INGLÉS',3,1,'2','24276849','07:00:00','09:00:00'),(4,'ELECTRÓNICA',4,1,'2','24276849',NULL,NULL),(5,'BIOLOGÍA',5,1,'2','24276845',NULL,NULL),(6,'MATEMÁTICAS',2,1,'1','24276849',NULL,NULL),(7,'PROGRAMACIÓN',6,1,'2','24276849',NULL,NULL);

/*Data for the table `mensajes` */

insert  into `mensajes`(`id_msj`,`id_emisor`,`id_prof`,`id_rep`,`id_adm`,`dateTime`,`text`) values (1,'14411568','14411568','26254713','','2018-07-10 10:23:44','Hola!'),(2,'26254173','14411568','26254713','','2018-07-10 10:23:48','Hola! Como estas?');

/*Data for the table `permisologia` */

insert  into `permisologia`(`niv_acs_usr`,`bol_agr`,`bol_edi`,`bol_eli`,`bol_ind`,`bol_ver`,`cal_agr`,`cal_edi`,`cal_eli`,`cal_ind`,`cal_ver`,`est_agr`,`est_edi`,`est_eli`,`est_ind`,`est_ver`,`ina_agr`,`ina_edi`,`ina_eli`,`ina_ind`,`ina_ver`,`ret_agr`,`ret_edi`,`ret_eli`,`ret_ind`,`ret_ver`,`men_ind`,`hor_agr`,`hor_edi`,`hor_eli`,`hor_ind`,`hor_ver`,`pla_agr`,`pla_edi`,`pla_eli`,`pla_ind`,`pla_ver`,`per_agr`,`per_edi`,`per_eli`,`per_ind`,`per_ver`,`gra_agr`,`gra_edi`,`gra_eli`,`gra_ind`,`gra_ver`) values ('ADMINISTRATIVO','SI','SI','SI','SI','SI','NO','NO','NO','NO','NO','SI','SI','SI','SI','SI','SI','NO','NO','SI','SI','NO','NO','NO','NO','NO','SI','SI','SI','SI','SI','SI','SI','SI','SI','SI','SI','SI','SI','SI','SI','SI','SI','SI','SI','SI','SI'),('DIRECTIVO','SI','SI','SI','SI','SI','SI','SI','SI','SI','SI','SI','SI','SI','SI','SI','SI','SI','SI','SI','SI','SI','SI','SI','SI','SI','SI','SI','SI','SI','SI','SI','SI','SI','SI','SI','SI','SI','SI','SI','SI','SI','SI','SI','SI','SI','SI'),('PROF ORIGINAL','SI','NO','NO','SI','SI','SI','SI','SI','SI','SI','NO','NO','NO','SI','SI','SI','NO','NO','SI','SI','NO','NO','NO','NO','NO','SI','NO','NO','NO','SI','SI','SI','SI','SI','SI','SI','NO','NO','NO','NO','NO','NO','NO','NO','NO','NO'),('PROFESOR','SI','SI','SI','SI','SI','SI','SI','SI','SI','SI','SI','SI','SI','SI','SI','SI','SI','SI','SI','SI','SI','SI','SI','SI','SI','SI','SI','SI','SI','SI','SI','SI','SI','SI','SI','SI','SI','SI','SI','SI','SI','SI','SI','SI','SI','SI'),('REPRESENTANTE','NO','NO','NO','SI','SI','NO','NO','NO','SI','SI','NO','NO','NO','SI','SI','NO','NO','NO','SI','SI','NO','NO','NO','SI','SI','SI','NO','NO','NO','SI','SI','NO','NO','NO','SI','SI','NO','NO','NO','NO','NO','NO','NO','NO','NO','NO');

/*Data for the table `planificacion` */

insert  into `planificacion`(`id_eval`,`objetivo`,`desc_eval`,`ponderacion`,`porcentaje`,`fecha`,`id_mat`,`id_lapso`) values (1,'Programación PHP','Prueba de SQL','6','30','2018-05-08',7,1),(2,'Repaso','Multiplicación','2','10','2018-05-08',1,1),(3,'Repaso','División','2','10','2018-05-08',1,1);

/*Data for the table `profesores` */

insert  into `profesores`(`cedula_prof`,`nombre1_prof`,`nombre2_prof`,`apellido1_prof`,`apellido2_prof`,`telef_prof`,`fec_nac_prof`,`sexo_prof`,`nacionalidad_prof`,`foto_prof`) values ('11022703','LUIS',NULL,'RINCON','FLORES','02412161267','1975-01-21','M','V',NULL),('11026019','WILFREDO',NULL,'RODRIGUEZ','GUZMAN','0215374851','1968-07-30','M','V',NULL),('11027369','CARLOS ',NULL,'ESPINOZA','PEREZ','04126025346','2000-04-09','M','V',NULL),('11028922','WILLIAN',NULL,'MOYA','ROJAS','04266815884','1971-09-18','M','V',NULL),('11030760','MAGALY',NULL,'ORTIZ','MARTINEZ','04142243779','0000-01-01','F','V',NULL),('11033274','MANUEL ',NULL,'MUÑOZ ','RAMIREZ','04265111418','1972-12-22','M','V',NULL),('11034266','RICARDO',NULL,'FIGUERA','PEREZ','04120107974','1972-10-16','M','V',NULL),('11035029','JUAN',NULL,'RODRIGUEZ','QUINTANA','02126214888','1966-04-05','M','V',NULL),('11035644','TEOFILO',NULL,'HERRERA','PEREZ','04267119083','1967-10-14','M','V',NULL),('11036426','JENRY',NULL,'MARQUEZ','TORRES','04265141992','1972-03-06','M','V',NULL),('11037001','CARLOS',NULL,'RODRIGUEZ','MOSQUEDA','02125242035','1971-11-28','M','V',NULL),('11037567','GABRIEL',NULL,'ALVAREZ','DIAZ','04129115410','1972-03-24','M','V',NULL),('11037760','SERGIO ',NULL,'ORELLANA ','RAMIREZ','4268046479','1972-04-20','M','V',NULL),('11040485','MARCOS',NULL,'NIEVES','MIJARES','04262122758','1972-02-07','M','V',NULL),('11041426','LUIS',NULL,'DIAZ','MIJARES','04140289274','1971-11-09','M','V',NULL),('11041675','CHANDER',NULL,'CHACON','OLIVARES','04264029465','1971-06-27','M','V',NULL),('11043923','IVONNE',NULL,'PALACIOS','GOMEZ','2395111784','1972-11-14','F','V',NULL),('11044400','ANSELMO',NULL,'RODRIGUEZ','MORENO','04141159576','1974-04-21','M','V',NULL),('11049319','JOSE',NULL,'SOJO','ROJAS','04149034345','1974-05-27','M','V',NULL),('12123123','JOSEANLY','DEL CARMEN','QUINTERO','QUINTERO','04241234567','2000-03-03','F','V','4903cocodrilo.png'),('144411568','YANIMER','JOSEEFINA','LAO','JUSTO','04241234567','1979-08-06','F','V','imagen3.png'),('24276849','CESAR','ELIAS','GIL','LAO','04241518730','1996-05-07','M','V',NULL);

/*Data for the table `retardos` */

insert  into `retardos`(`cedula_est`,`fec_ret`,`horar_ret`,`id_asig`) values ('1','2018-05-07','10:30 - 12:00',2);

/*Data for the table `usuarios` */

insert  into `usuarios`(`codg_usr`,`apel_usr`,`nomb_usr`,`fec_ins_usr`,`codg_grp`,`login_usr`,`pass_usr`,`email_usr`,`ulti_acs_usr`,`activo_usr`,`niv_acs_usr`) values (12345678,'Gil','Leah','2018-07-13',0,'Leah','f455c402cdcd2021d2b2f4d0f2e91816','leahgil@gmail.com','2018-07-13 13:27:56','NO','ADMINISTRATIVO'),(24276845,'Gil Lao','Cesar','2018-07-13',0,'Cesar','4cdcf78bd2c4185ad6a0b8de3101b042','cesargillao@gmail.com','2018-07-30 08:16:01','NO','ROOT'),(24276846,'Gil Lao','Cesar','2018-07-13',0,'CesarGil','dd319dde23b302450daf88d6c3362bdb','cesargillao@gmail.com','0000-00-00 00:00:00','NO','REPRESENTANTE'),(24276847,'Gil Lao','Cesar','2018-07-13',0,'SKP','fbfd8c5dfec43eeff3826f2175e05df0','cesargillao@hotmail.com','0000-00-00 00:00:00','NO','DIRECTIVO'),(24276849,'Gil Lao','Cesar','2018-07-13',0,'GilCe','eb3813eaf2942fade4f7502d21bb9dfe','cesargillao@gmail.com','2018-07-30 11:31:08','SI','PROFESOR'),(26254714,'Quintero','Antoliana','2018-07-13',0,'Aux','85940c01bc7a2392ac8be57e96545f4d','antolianaquintero@hotmail.com','0000-00-00 00:00:00','NO','AUXILIAR'),(26265713,'Quintero','Antoliana','2018-07-13',0,'Anto','85940c01bc7a2392ac8be57e96545f4d','antoquintero@hotmail.com','0000-00-00 00:00:00','NO','REPRESENTANTE');

/*!40101 SET SQL_MODE=@OLD_SQL_MODE */;
/*!40014 SET FOREIGN_KEY_CHECKS=@OLD_FOREIGN_KEY_CHECKS */;
